{
  "1": [
    [
      21384, 
      7.544649, 
      0.0
    ]
  ], 
  "0": [
    [
      23168, 
      8.260739000000001, 
      0.09009800000000023
    ], 
    [
      35332, 
      22.84844, 
      0.05542700000000167
    ], 
    [
      35332, 
      22.90799, 
      0.10562499999999986
    ], 
    [
      21596, 
      8.137433, 
      0.0
    ], 
    [
      35332, 
      23.1191265, 
      0.1276875000000004
    ], 
    [
      21792, 
      8.122358, 
      0.0
    ], 
    [
      21652, 
      8.2966, 
      0.021848999999999563
    ], 
    [
      21384, 
      7.544649, 
      0.0
    ], 
    [
      21860, 
      8.792786, 
      0.0
    ]
  ], 
  "2": [
    [
      23168, 
      8.245222, 
      0.0
    ]
  ]
}
