{
  "1": [
    [
      33779, 
      3.494, 
      0.0
    ]
  ], 
  "0": [
    [
      32550, 
      3.6345, 
      0.03149999999999986
    ], 
    [
      45086, 
      10.4205, 
      0.046499999999999986
    ], 
    [
      32366, 
      3.502, 
      0.038999999999999924
    ], 
    [
      45774, 
      10.6785, 
      0.06949999999999967
    ], 
    [
      27245, 
      3.759, 
      0.0
    ], 
    [
      34032, 
      3.7904999999999998, 
      0.01550000000000007
    ], 
    [
      31750, 
      3.6580000000000004, 
      0.07000000000000006
    ], 
    [
      27485, 
      3.712, 
      0.0
    ], 
    [
      33392, 
      3.533, 
      0.008000000000000007
    ], 
    [
      34279, 
      3.447, 
      0.0
    ], 
    [
      45774, 
      10.592, 
      0.0
    ], 
    [
      33779, 
      3.463, 
      0.0
    ], 
    [
      31664, 
      3.541, 
      0.0
    ], 
    [
      33016, 
      3.845, 
      0.28900000000000015
    ], 
    [
      29770, 
      3.229, 
      0.0
    ], 
    [
      33503, 
      3.7525, 
      0.36750000000000016
    ], 
    [
      34007, 
      3.5410000000000004, 
      0.04699999999999993
    ], 
    [
      33287, 
      3.5875000000000004, 
      0.09349999999999992
    ], 
    [
      33807, 
      3.088, 
      0.0
    ], 
    [
      31047, 
      3.307, 
      0.0
    ], 
    [
      33699, 
      3.5484999999999998, 
      0.007500000000000062
    ], 
    [
      45774, 
      10.561, 
      0.0
    ], 
    [
      33705, 
      3.494, 
      0.0
    ], 
    [
      31289, 
      3.4475, 
      0.01550000000000007
    ], 
    [
      45774, 
      10.561, 
      0.0470000000000006
    ], 
    [
      28685, 
      3.8605, 
      0.00749999999999984
    ], 
    [
      45774, 
      10.53, 
      0.0
    ], 
    [
      27303, 
      3.697, 
      0.0
    ], 
    [
      31141, 
      3.26, 
      0.015999999999999792
    ], 
    [
      28129, 
      3.9, 
      0.0
    ], 
    [
      32270, 
      3.525, 
      0.0
    ], 
    [
      27621, 
      3.8289999999999997, 
      0.038999999999999924
    ], 
    [
      27411, 
      3.744, 
      0.0
    ], 
    [
      32258, 
      3.658, 
      0.008000000000000007
    ], 
    [
      45774, 
      10.5375, 
      0.007500000000000284
    ], 
    [
      33863, 
      3.478, 
      0.0
    ], 
    [
      35821, 
      3.385, 
      0.0
    ], 
    [
      45902, 
      10.5765, 
      0.046499999999999986
    ]
  ], 
  "2": [
    [
      27245, 
      3.759, 
      0.0
    ], 
    [
      29770, 
      3.229, 
      0.0
    ], 
    [
      33807, 
      3.088, 
      0.0
    ], 
    [
      27303, 
      3.697, 
      0.0
    ]
  ]
}
