{
  "features": {
    "program_static_milepost_features": {
      "main": {
        "1": 74.0, 
        "10": 4.0, 
        "11": 10.0, 
        "12": 0.0, 
        "13": 72.0, 
        "14": 0.0, 
        "15": 0.0, 
        "16": 89.0, 
        "17": 15.0, 
        "18": 0.0, 
        "19": 69.0, 
        "2": 17.0, 
        "20": 35.0, 
        "21": 101.0, 
        "22": 8.0, 
        "23": 0.0, 
        "24": 206.0, 
        "25": 2.86111, 
        "26": 2.56944, 
        "27": 1.98919, 
        "28": 2.0, 
        "29": 15.0, 
        "3": 35.0, 
        "30": 55.0, 
        "31": 0.0, 
        "32": 17.0, 
        "33": 0.0, 
        "34": 30.0, 
        "35": 3.0, 
        "36": 13.0, 
        "37": 0.0, 
        "38": 0.0, 
        "39": 0.0, 
        "4": 0.0, 
        "40": 0.0, 
        "41": 9.0, 
        "42": 11.0, 
        "43": 63.0, 
        "44": 7.0, 
        "45": 37.0, 
        "46": 92.0, 
        "47": 63.0, 
        "48": 8.0, 
        "49": 58.0, 
        "5": 56.0, 
        "50": 644.0, 
        "51": 19.0, 
        "52": 65.0, 
        "53": 1.0, 
        "54": 43.0, 
        "55": 0.0, 
        "56": 0.0, 
        "57": 36.0, 
        "58": 732.0, 
        "59": 80.0, 
        "6": 16.0, 
        "60": 661.0, 
        "61": 2051.0, 
        "62": 18.0, 
        "63": 82.35, 
        "64": 18398.1, 
        "65": 1515080.0, 
        "7": 0.0, 
        "8": 13.0, 
        "9": 25.0
      }
    }
  }
}
